功能類別(前5碼),名稱,大小類,類別
ACC01,塑膠接頭,AC 接頭類,導管接頭類 ACA01 注射帽
ACM01,多路連接頭,AC 接頭類,導管接頭類 ACA01 注射帽
ACP01,灌流接頭(開心用),AC 接頭類,導管接頭類 ACA01 注射帽
ACPD1,腹膜透析鈦接頭,AC 接頭類,導管接頭類 ACA01 注射帽
ACPTC,氣球導管或導引管用接頭,AC 接頭類,導管接頭類 ACA01 注射帽
ACS03,活塞接頭(三路),AC 接頭類,導管接頭類 ACA01 注射帽
ACVP1,腦室腹腔引流組接頭,AC 接頭類,導管接頭類 ACA01 注射帽
BBF03,餵食袋 FEEDING BAG,BB 容器類,袋類 BBB01 輸液加壓袋
BBP01,封口便袋,BB 容器類,袋類 BBB01 輸液加壓袋
BBP04,開口便袋,BB 容器類,袋類 BBB01 輸液加壓袋
BBP05,貼環,BB 容器類,袋類 BBB01 輸液加壓袋
BBP06,留置性導便裝置,BB 容器類,袋類 BBB01 輸液加壓袋
BBU01,造廔口尿袋,BB 容器類,袋類 BBB01 輸液加壓袋
BBW01,造廔口引流袋,BB 容器類,袋類 BBB01 輸液加壓袋
CBB01,氣球擴張導管(一般),CB 管套類,氣球擴張導管 CBA01 主動脈氣球導管
CBB02,遠端灌流導管,CB 管套類,氣球擴張導管 CBA01 主動脈氣球導管
CBB03,下肢血管氣球擴張導管,CB 管套類,氣球擴張導管 CBA01 主動脈氣球導管
CBB04,產後出血填塞氣球,CB 管套類,氣球擴張導管 CBA01 主動脈氣球導管
CBC01,頸動脈支架,CB 管套類,氣球擴張導管 CBA01 主動脈氣球導管
CBC02,腸骨動脈支架,CB 管套類,氣球擴張導管 CBA01 主動脈氣球導管
CBC03,腹主動脈瘤支架暨輸送導引系統,CB 管套類,氣球擴張導管 CBA01 主動脈氣球導管
CBC04,淺股動脈支架,CB 管套類,氣球擴張導管 CBA01 主動脈氣球導管
CBC05,胸主動脈支架,CB 管套類,氣球擴張導管 CBA01 主動脈氣球導管
CBC06,腎動脈支架,CB 管套類,氣球擴張導管 CBA01 主動脈氣球導管
CBC07,周邊血管內套膜支架,CB 管套類,氣球擴張導管 CBA01 主動脈氣球導管
CBC08,中央靜脈支架及傳輸系統,CB 管套類,氣球擴張導管 CBA01 主動脈氣球導管
CBC09,周邊靜脈支架系統,CB 管套類,氣球擴張導管 CBA01 主動脈氣球導管
CBN01,顱內動脈支架,CB 管套類,氣球擴張導管 CBA01 主動脈氣球導管
CBP01,冠狀動脈氣球擴張導管,CB 管套類,氣球擴張導管 CBA01 主動脈氣球導管
CBP02,冠狀動脈血管支架,CB 管套類,氣球擴張導管 CBA01 主動脈氣球導管
CBP03,冠狀動脈鈣化去除導管,CB 管套類,氣球擴張導管 CBA01 主動脈氣球導管
CBP06,冠狀動脈塗藥支架,CB 管套類,氣球擴張導管 CBA01 主動脈氣球導管
CBS01,中隔切開氣球擴張導管,CB 管套類,氣球擴張導管 CBA01 主動脈氣球導管
CBS02,心房中膈缺損關閉器,CB 管套類,氣球擴張導管 CBA01 主動脈氣球導管
CBS03,開放性動脈導管關閉器,CB 管套類,氣球擴張導管 CBA01 主動脈氣球導管
CBS04,房中膈穿刺針,CB 管套類,氣球擴張導管 CBA01 主動脈氣球導管
CBS05,血管塞含遞送導管,CB 管套類,氣球擴張導管 CBA01 主動脈氣球導管
CBS06,心室中膈缺損關閉器,CB 管套類,氣球擴張導管 CBA01 主動脈氣球導管
CBT02,順流導管(雙腔),CB 管套類,氣球擴張導管 CBA01 主動脈氣球導管
CBT04,順流導管(四腔),CB 管套類,氣球擴張導管 CBA01 主動脈氣球導管
CBT05,順流導管(五腔),CB 管套類,氣球擴張導管 CBA01 主動脈氣球導管
CBT06,順流導管(六腔),CB 管套類,氣球擴張導管 CBA01 主動脈氣球導管
CBT07,血管內壓力監測感應組,CB 管套類,氣球擴張導管 CBA01 主動脈氣球導管
CBT08,體積監視套組,CB 管套類,氣球擴張導管 CBA01 主動脈氣球導管
CBV02,瓣膜氣球擴張導管,CB 管套類,氣球擴張導管 CBA01 主動脈氣球導管
CBV03,主動脈弓窄縮裝置,CB 管套類,氣球擴張導管 CBA01 主動脈氣球導管
CCC12,自體血液回收基本收集套,CC 管套類,血液分離收集套 CCC01 血液成份收集套
CCC14,自體血液回收高速處理套,CC 管套類,血液分離收集套 CCC01 血液成份收集套
CCC15,胸腔血液引流併自體輸血組,CC 管套類,血液分離收集套 CCC01 血液成份收集套
CDCC2,心包引流管,CD 管套類,引流管 CDCA1 動脈引流管
CDCS1,腦脊髓液引流貯存器,CD 管套類,引流管 CDCA1 動脈引流管
CDD01,矽質引流管,CD 管套類,引流管 CDCA1 動脈引流管
CDD02,矽質大量引流管,CD 管套類,引流管 CDCA1 動脈引流管
CDD04,真空傷口引流套,CD 管套類,引流管 CDCA1 動脈引流管
CDD05,真空傷口引流管/單組件,CD 管套類,引流管 CDCA1 動脈引流管
CDD06,真空吸引球/單組件,CD 管套類,引流管 CDCA1 動脈引流管
CDD07,體外循環抽吸管,CD 管套類,引流管 CDCA1 動脈引流管
CDD10,肋間穿刺套針導管,CD 管套類,引流管 CDCA1 動脈引流管
CDD11,內視鏡手術用穿刺套管,CD 管套類,引流管 CDCA1 動脈引流管
CDD12,腹腔鏡汽球穿刺套管組,CD 管套類,引流管 CDCA1 動脈引流管
CDD13,乳管攝影導管,CD 管套類,引流管 CDCA1 動脈引流管
CDDC1,真空罐含接頭及引管,CD 管套類,引流管 CDCA1 動脈引流管
CDDF1,傷口癒合機敷料Dressing PU Foam,CD 管套類,引流管 CDCA1 動脈引流管
CDF01,腦室腹腔分流術用貯水閥,CD 管套類,引流管 CDCA1 動脈引流管
CDLP1,腰椎腹腔導管,CD 管套類,引流管 CDCA1 動脈引流管
CDP01,肝/膽道/胰管引流組,CD 管套類,引流管 CDCA1 動脈引流管
CDP02,肝膽道引流導引組/引流管,CD 管套類,引流管 CDCA1 動脈引流管
CDP03,膽道/胰管支架,CD 管套類,引流管 CDCA1 動脈引流管
CDP04,經頸靜脈肝穿刺組,CD 管套類,引流管 CDCA1 動脈引流管
CDPC1,CSF/腹腔導管,CD 管套類,引流管 CDCA1 動脈引流管
CDPC2,CSF/心臟導管,CD 管套類,引流管 CDCA1 動脈引流管
CDPN1,氣胸引流組,CD 管套類,引流管 CDCA1 動脈引流管
CDPN2,胸腔引流管組,CD 管套類,引流管 CDCA1 動脈引流管
CDSR1,腹腔導管附貯水閥組,CD 管套類,引流管 CDCA1 動脈引流管
CDV02,體外引流組,CD 管套類,引流管 CDCA1 動脈引流管
CDVP1,腦室腹腔分流術導管組(附貯水閥),CD 管套類,引流管 CDCA1 動脈引流管
CDVP2,腦室腹腔分流術抗菌引流導管,CD 管套類,引流管 CDCA1 動脈引流管
CDVP3,腦室腹腔分流術導管組(整組式),CD 管套類,引流管 CDCA1 動脈引流管
CDVP4,腦脊髓液引流組,CD 管套類,引流管 CDCA1 動脈引流管
CEE02,無針式接頭(含延長管),CE 管套類,連接管 CEE01 一般連接管(輸血輸液延長管)
CEE03,藥物準備系統,CE 管套類,連接管 CEE01 一般連接管(輸血輸液延長管)
CEP01,壓力連接管,CE 管套類,連接管 CEE01 一般連接管(輸血輸液延長管)
CET01,特殊連接管,CE 管套類,連接管 CEE01 一般連接管(輸血輸液延長管)
CFC01,大腸支架,CF 管套類,消化類 CFB01 消化道氣球擴張導管
CFD01,十二指腸灌食管,CF 管套類,消化類 CFB01 消化道氣球擴張導管
CFD02,矽質胃管,CF 管套類,消化類 CFB01 消化道氣球擴張導管
CFD03,十二指腸支架,CF 管套類,消化類 CFB01 消化道氣球擴張導管
CFD04,經鼻腔空腸餵食管,CF 管套類,消化類 CFB01 消化道氣球擴張導管
CFD05,聚胺酯胃管,CF 管套類,消化類 CFB01 消化道氣球擴張導管
CFD06,鈕扣式置換胃造口組,CF 管套類,消化類 CFB01 消化道氣球擴張導管
CFD07,經皮胃造廔導管,CF 管套類,消化類 CFB01 消化道氣球擴張導管
CFE01,矽質食道管,CF 管套類,消化類 CFB01 消化道氣球擴張導管
CFE02,多發式靜脈瘤結紮環組,CF 管套類,消化類 CFB01 消化道氣球擴張導管
CFE03,食道支架,CF 管套類,消化類 CFB01 消化道氣球擴張導管
CFE04,膠囊內視鏡,CF 管套類,消化類 CFB01 消化道氣球擴張導管
CFE05,食道置放器,CF 管套類,消化類 CFB01 消化道氣球擴張導管
CFM01,內視鏡記號液,CF 管套類,消化類 CFB01 消化道氣球擴張導管
CFN01,內視鏡注射器,CF 管套類,消化類 CFB01 消化道氣球擴張導管
CGA10,快速輸液導管,CG 管套類,導引管 CGA01 引流導管引導組(內導管+外導管+GW+NEEDLE)
CGAP0,剝開式導引鞘,CG 管套類,導引管 CGA01 引流導管引導組(內導管+外導管+GW+NEEDLE)
CGAP1,心導管包,CG 管套類,導引管 CGA01 引流導管引導組(內導管+外導管+GW+NEEDLE)
CGBK1,膽道取石網,CG 管套類,導引管 CGA01 引流導管引導組(內導管+外導管+GW+NEEDLE)
CGDW1,導引線/super stiff(OCCLUDER用),CG 管套類,導引管 CGA01 引流導管引導組(內導管+外導管+GW+NEEDLE)
CGDW2,壓力感應金屬導引線,CG 管套類,導引管 CGA01 引流導管引導組(內導管+外導管+GW+NEEDLE)
CGPG1,冠狀動脈前置導管,CG 管套類,導引管 CGA01 引流導管引導組(內導管+外導管+GW+NEEDLE)
CGPG2,延伸導引導管,CG 管套類,導引管 CGA01 引流導管引導組(內導管+外導管+GW+NEEDLE)
CGPG4,心內超音波導管,CG 管套類,導引管 CGA01 引流導管引導組(內導管+外導管+GW+NEEDLE)
CGPG3,血管內超音波導管,CG 管套類,導引管 CGA01 引流導管引導組(內導管+外導管+GW+NEEDLE)
CGS01,血管導引鞘組/CRTD,CG 管套類,導引管 CGA01 引流導管引導組(內導管+外導管+GW+NEEDLE)
CGS03,血管導引鞘擴張器,CG 管套類,導引管 CGA01 引流導管引導組(內導管+外導管+GW+NEEDLE)
CGS04,特殊心律調節導線,CG 管套類,導引管 CGA01 引流導管引導組(內導管+外導管+GW+NEEDLE)
CGS05,動靜脈廔管用導引鞘,CG 管套類,導引管 CGA01 引流導管引導組(內導管+外導管+GW+NEEDLE)
CGS06,體外循環穿刺套組,CG 管套類,導引管 CGA01 引流導管引導組(內導管+外導管+GW+NEEDLE)
CGUS1,輸尿管結石移除器,CG 管套類,導引管 CGA01 引流導管引導組(內導管+外導管+GW+NEEDLE)
CGVD1,瓣膜擴張管,CG 管套類,導引管 CGA01 引流導管引導組(內導管+外導管+GW+NEEDLE)
CGVW2,瓣膜擴張彈簧導線,CG 管套類,導引管 CGA01 引流導管引導組(內導管+外導管+GW+NEEDLE)
GWAA1,導引線/不鏽鋼，D=0.016 -0.052，L<=100CM,CG 管套類,導引管 CGA01 引流導管引導組(內導管+外導管+GW+NEEDLE)
GWAA2,導引線/不鏽鋼，D=0.016 -0.052，L=101-200CM,CG 管套類,導引管 CGA01 引流導管引導組(內導管+外導管+GW+NEEDLE)
GWAA3,導引線/不鏽鋼，D=0.016 -0.052，L>=201CM,CG 管套類,導引管 CGA01 引流導管引導組(內導管+外導管+GW+NEEDLE)
GWAB2,導引線/彈性合金，D=0.016 -0.052，L<=200CM,CG 管套類,導引管 CGA01 引流導管引導組(內導管+外導管+GW+NEEDLE)
GWAB3,導引線/彈性合金，D=0.016 -0.052，L>=200CM,CG 管套類,導引管 CGA01 引流導管引導組(內導管+外導管+GW+NEEDLE)
GWBA2,導引線/不鏽鋼(Small Vessel)，D=0.014 -0.018，L=101-200CM,CG 管套類,導引管 CGA01 引流導管引導組(內導管+外導管+GW+NEEDLE)
GWBA3,導引線/不鏽鋼(Small Vessel)，D=0.014 -0.018，L=201-300CM,CG 管套類,導引管 CGA01 引流導管引導組(內導管+外導管+GW+NEEDLE)
GWBA4,導引線/PTCA，D<=0.014，L<=200CM,CG 管套類,導引管 CGA01 引流導管引導組(內導管+外導管+GW+NEEDLE)
GWBA5,導引線/PTCA，D<=0.014，L>=201CM,CG 管套類,導引管 CGA01 引流導管引導組(內導管+外導管+GW+NEEDLE)
GWBA6,導引線/CRT，D<=0.014，L=90-190CM,CG 管套類,導引管 CGA01 引流導管引導組(內導管+外導管+GW+NEEDLE)
GWBB2,導引線/周邊血管/彈性合金，D=0.014-0.052，L<=200CM,CG 管套類,導引管 CGA01 引流導管引導組(內導管+外導管+GW+NEEDLE)
GWBB3,導引線/周邊血管/彈性合金，D=0.014-0.052，L>=201CM,CG 管套類,導引管 CGA01 引流導管引導組(內導管+外導管+GW+NEEDLE)
CHAT1,動脈鑽孔器、動脈切開套管,CH 管套類,循環管 CHA01 動脈導管
CHC01,冠狀動脈導管,CH 管套類,循環管 CHA01 動脈導管
CHF06,動脈或靜脈人工心肺導管套,CH 管套類,循環管 CHA01 動脈導管
CHG02,逆行性冠狀動脈灌流導管(自動充氣型),CH 管套類,循環管 CHA01 動脈導管
CHH01,左心房導管,CH 管套類,循環管 CHA01 動脈導管
CHR01,主動脈鬆弛液導管,CH 管套類,循環管 CHA01 動脈導管
CHSU1,嬰兒臍脈管,CH 管套類,循環管 CHA01 動脈導管
CHT01,體外循環管組(開心用),CH 管套類,循環管 CHA01 動脈導管
CHT03,體外循環管,CH 管套類,循環管 CHA01 動脈導管
CHT05,分流感知器或血氧感知器,CH 管套類,循環管 CHA01 動脈導管
CHV01,靜脈迴流管,CH 管套類,循環管 CHA01 動脈導管
CKD01,輸尿管組,CK 管套類,腎泌尿管 CKB01 膀胱穿刺引流組
CKD02,長效型雙J型輸尿導管組,CK 管套類,腎泌尿管 CKB01 膀胱穿刺引流組
CKD03,抗壓型雙J型輸尿導管組,CK 管套類,腎泌尿管 CKB01 膀胱穿刺引流組
CKDD1,雙迴路透析導管組,CK 管套類,腎泌尿管 CKB01 膀胱穿刺引流組
CKDD3,多迴路透析導管組,CK 管套類,腎泌尿管 CKB01 膀胱穿刺引流組
CKF03,矽質二叉長期留置導尿管,CK 管套類,腎泌尿管 CKB01 膀胱穿刺引流組
CKF04,矽質三叉長期留置導尿管,CK 管套類,腎泌尿管 CKB01 膀胱穿刺引流組
CKN01,腎臟造廔管組,CK 管套類,腎泌尿管 CKB01 膀胱穿刺引流組
CKN02,球型腎臟造廔管,CK 管套類,腎泌尿管 CKB01 膀胱穿刺引流組
CKN03,球型腎臟造廔管/可分離式,CK 管套類,腎泌尿管 CKB01 膀胱穿刺引流組
CKN04,豬尾型腎臟造廔管,CK 管套類,腎泌尿管 CKB01 膀胱穿刺引流組
CKN05,梅花型腎臟造廔管,CK 管套類,腎泌尿管 CKB01 膀胱穿刺引流組
CKP01,腹膜透析導管,CK 管套類,腎泌尿管 CKB01 膀胱穿刺引流組
CKU03,輸尿管導管(單次使用),CK 管套類,腎泌尿管 CKB01 膀胱穿刺引流組
CKUB1,輸尿管氣球擴張導管,CK 管套類,腎泌尿管 CKB01 膀胱穿刺引流組
CKUB2,腎造口手術氣球擴張導管,CK 管套類,腎泌尿管 CKB01 膀胱穿刺引流組
CKUD1,腎擴張導管組,CK 管套類,腎泌尿管 CKB01 膀胱穿刺引流組
CKUD2,腎擴張導管,CK 管套類,腎泌尿管 CKB01 膀胱穿刺引流組
CKUD3,腎擴張導管組(整組),CK 管套類,腎泌尿管 CKB01 膀胱穿刺引流組
CKUS1,腎擴張導管鞘組,CK 管套類,腎泌尿管 CKB01 膀胱穿刺引流組
CLPA2,居家化療藥物輸液器,CL 管套類,輸血輸液套 CLPA1 內植式化療用輸液管座組
CLPAA,肝動脈化療導管,CL 管套類,輸血輸液套 CLPA1 內植式化療用輸液管座組
CLPAT,植入型血管注射系統,CL 管套類,輸血輸液套 CLPA1 內植式化療用輸液管座組
CLS04,精密輸液套,CL 管套類,輸血輸液套 CLPA1 內植式化療用輸液管座組
CLS05,幫浦輸液套,CL 管套類,輸血輸液套 CLPA1 內植式化療用輸液管座組
CLS06,幫浦精密輸液套,CL 管套類,輸血輸液套 CLPA1 內植式化療用輸液管座組
CLS07,輸血套,CL 管套類,輸血輸液套 CLPA1 內植式化療用輸液管座組
CLS08,幫浦輸血套(含輸血輸液套),CL 管套類,輸血輸液套 CLPA1 內植式化療用輸液管座組
CLS09,加溫輸血輸液套,CL 管套類,輸血輸液套 CLPA1 內植式化療用輸液管座組
CLS14,TPN BAG,CL 管套類,輸血輸液套 CLPA1 內植式化療用輸液管座組
CMA02,動靜脈血栓清除配件,CM 管套類,栓塞治療類 CMA01 動靜脈血栓清除導管
CMB01,顱內血管支架取栓裝置,CM 管套類,栓塞治療類 CMA01 動靜脈血栓清除導管
CMB02,顱內血管抽吸取栓裝置,CM 管套類,栓塞治療類 CMA01 動靜脈血栓清除導管
CMC01,左心耳閉合器,CM 管套類,栓塞治療類 CMA01 動靜脈血栓清除導管
CME02,腦血管閉塞球囊系統組,CM 管套類,栓塞治療類 CMA01 動靜脈血栓清除導管
CMV01,栓塞導管套組,CM 管套類,栓塞治療類 CMA01 動靜脈血栓清除導管
CMV02,顱內導引導管系統,CM 管套類,栓塞治療類 CMA01 動靜脈血栓清除導管
CMV03,血管栓塞環,CM 管套類,栓塞治療類 CMA01 動靜脈血栓清除導管
CMV06,血管閉塞導管,CM 管套類,栓塞治療類 CMA01 動靜脈血栓清除導管
CMV07,液態栓塞系統,CM 管套類,栓塞治療類 CMA01 動靜脈血栓清除導管
CMW01,微球粒栓塞物,CM 管套類,栓塞治療類 CMA01 動靜脈血栓清除導管
CPC01,中央靜脈壓導管組,CP 管套類,壓力監視管套 CPA01 動脈監測導管組
CPC08,中央靜脈壓導管組(含配件),CP 管套類,壓力監視管套 CPA01 動脈監測導管組
CPC09,中央靜脈血氧導管組,CP 管套類,壓力監視管套 CPA01 動脈監測導管組
CPD01,血壓監視組合套頂蓋,CP 管套類,壓力監視管套 CPA01 動脈監測導管組
CPV01,顱內壓監測裝置,CP 管套類,壓力監視管套 CPA01 動脈監測導管組
CPM01,中央靜脈壓監視組,CP 管套類,壓力監視管套 CPA01 動脈監測導管組
CPM02,血壓監視組合套(DPT),CP 管套類,壓力監視管套 CPA01 動脈監測導管組
CPM03,血壓監視組合套附傳導器,CP 管套類,壓力監視管套 CPA01 動脈監測導管組
CPM04,腹內壓力監測組,CP 管套類,壓力監視管套 CPA01 動脈監測導管組
CRB02,呼吸道氣球擴張導管,CR 管套類,呼吸管 CRB01 雙腔式支氣管導管
CRD01,橫膈膜電位導管,CR 管套類,呼吸管 CRB01 雙腔式支氣管導管
CRE01,特殊型氣管內管,CR 管套類,呼吸管 CRB01 雙腔式支氣管導管
CRE03,彈簧型氣管內管,CR 管套類,呼吸管 CRB01 雙腔式支氣管導管
CRE04,鼻彎型氣管內管,CR 管套類,呼吸管 CRB01 雙腔式支氣管導管
CRE06,口彎型氣管內管,CR 管套類,呼吸管 CRB01 雙腔式支氣管導管
CRE07,雷射用氣管內管,CR 管套類,呼吸管 CRB01 雙腔式支氣管導管
CRG01,嬰兒連續式氣道壓力呼吸套鼻管NASAL CPAP CANNULA,CR 管套類,呼吸管 CRB01 雙腔式支氣管導管
CRG02,正壓呼吸輔助系統,CR 管套類,呼吸管 CRB01 雙腔式支氣管導管
CRG03,吸藥輔助器,CR 管套類,呼吸管 CRB01 雙腔式支氣管導管
CRN01,後荷式鼻咽插管,CR 管套類,呼吸管 CRB01 雙腔式支氣管導管
CRT01,氣切套管/雙管/含內管,CR 管套類,呼吸管 CRB01 雙腔式支氣管導管
CRT02,氣切套管/單管,CR 管套類,呼吸管 CRB01 雙腔式支氣管導管
CRT04,氣切套管/用於長期依賴呼吸機氣切者同一病患重複使用,CR 管套類,呼吸管 CRB01 雙腔式支氣管導管
CRT05,氣切套管/LONG TERM CARE使用,CR 管套類,呼吸管 CRB01 雙腔式支氣管導管
CRT06,氣切套管/安全T型管,CR 管套類,呼吸管 CRB01 雙腔式支氣管導管
CRT09,氣切套管/可調式,CR 管套類,呼吸管 CRB01 雙腔式支氣管導管
CRT10,氣切套管/經皮式,CR 管套類,呼吸管 CRB01 雙腔式支氣管導管
CXE02,可控式電極導管,CX 管套類,電極導管 CXE01 電極導管
CXE03,除顫電極導管,CX 管套類,電極導管 CXE01 電極導管
CXE04,3D mapping診斷電燒紀錄導管,CX 管套類,電極導管 CXE01 電極導管
CXE05,立體定位(3D)灌注冷卻式診斷電燒紀錄導管,CX 管套類,電極導管 CXE01 電極導管
CXE06,立體定位貼片,CX 管套類,電極導管 CXE01 電極導管
FALSM,前後房人工水晶體,FA 人工機能代用類,眼科類 FAD01 青光眼引流裝置
FALSN,特殊功能人工水晶體,FA 人工機能代用類,眼科類 FAD01 青光眼引流裝置
FAV01,玻璃體替代物,FA 人工機能代用類,眼科類 FAD01 青光眼引流裝置
FAV02,補服卡液/普弗隆液,FA 人工機能代用類,眼科類 FAD01 青光眼引流裝置
FAV03,眼用純矽油,FA 人工機能代用類,眼科類 FAD01 青光眼引流裝置
FAV04,眼用染劑(玻璃體視網膜手術用),FA 人工機能代用類,眼科類 FAD01 青光眼引流裝置
FAV05,眼用染劑(白內障手術用),FA 人工機能代用類,眼科類 FAD01 青光眼引流裝置
FBA02,ㄇ形骨釘 BONE STAPLE,FB 人工機能代用類,骨科類 FBA01 骨水泥 BONE CEMENT
FBA03,脊椎骨水泥,FB 人工機能代用類,骨科類 FBA01 骨水泥 BONE CEMENT
FBA04,人工代用骨 BONE GRAFT SUBSTITUTE,FB 人工機能代用類,骨科類 FBA01 骨水泥 BONE CEMENT
FBA06,抗生素骨水泥,FB 人工機能代用類,骨科類 FBA01 骨水泥 BONE CEMENT
FBA10,骨水泥栓塞 PLUG,FB 人工機能代用類,骨科類 FBA01 骨水泥 BONE CEMENT
FBA14,纜線固定系統Cable　System,FB 人工機能代用類,骨科類 FBA01 骨水泥 BONE CEMENT
FBD00,股骨壓迫性骨板骨釘組 CHS SYSTEM,FB 人工機能代用類,骨科類 FBA01 骨水泥 BONE CEMENT
FBEB1,橈骨頭系統,FB 人工機能代用類,骨科類 FBA01 骨水泥 BONE CEMENT
FBEF1,骨外固定器 FOR FEMORAL,FB 人工機能代用類,骨科類 FBA01 骨水泥 BONE CEMENT
FBEF2,骨外固定器 FOR TIBIA,FB 人工機能代用類,骨科類 FBA01 骨水泥 BONE CEMENT
FBEF3,骨外固定器 FOR ANKLE,FB 人工機能代用類,骨科類 FBA01 骨水泥 BONE CEMENT
FBEF4,骨外固定器 FOR ANKLE,FB 人工機能代用類,骨科類 FBA01 骨水泥 BONE CEMENT
FBEF5,骨外固定器零件 FOR OTHER PARTS,FB 人工機能代用類,骨科類 FBA01 骨水泥 BONE CEMENT
FBEF6,肢體畸形外固定架/組,FB 人工機能代用類,骨科類 FBA01 骨水泥 BONE CEMENT
FBEFP,骨外固定(針、線、螺絲),FB 人工機能代用類,骨科類 FBA01 骨水泥 BONE CEMENT
FBEH1,全人工肘關節肱骨置換物 HUMERAL COMPONENT,FB 人工機能代用類,骨科類 FBA01 骨水泥 BONE CEMENT
FBEU1,全人工肘關節尺骨置換物 ULNAR COMPONENT,FB 人工機能代用類,骨科類 FBA01 骨水泥 BONE CEMENT
FBFJ1,人工指關節 ARTIFICIAL FINGER JOINT IMPLANT,FB 人工機能代用類,骨科類 FBA01 骨水泥 BONE CEMENT
FBFW1,人工腕關節 : SWANSON WRIST JOINT IMPLANT,FB 人工機能代用類,骨科類 FBA01 骨水泥 BONE CEMENT
FBGA1,人工踝關節,FB 人工機能代用類,骨科類 FBA01 骨水泥 BONE CEMENT
FBHAA,髖臼缺損填補物,FB 人工機能代用類,骨科類 FBA01 骨水泥 BONE CEMENT
FBHB1,雙極式人工髖臼杯 BIPOLAR CUP,FB 人工機能代用類,骨科類 FBA01 骨水泥 BONE CEMENT
FBHB2,雙極式人工髖臼內杯 BIPOLAR INSERT,FB 人工機能代用類,骨科類 FBA01 骨水泥 BONE CEMENT
FBHBA,雙極式人工髖關節組 HIP BIPOLAR SYSTEM,FB 人工機能代用類,骨科類 FBA01 骨水泥 BONE CEMENT
FBHBC,雙極式陶瓷人工髖關節組,FB 人工機能代用類,骨科類 FBA01 骨水泥 BONE CEMENT
FBHC1,全人工髖關節髖臼杯,FB 人工機能代用類,骨科類 FBA01 骨水泥 BONE CEMENT
FBHC2,重建型髖臼護架(Cage),FB 人工機能代用類,骨科類 FBA01 骨水泥 BONE CEMENT
FBHCM,訂製型全人工髖關節 CUSTOM MADE HIP,FB 人工機能代用類,骨科類 FBA01 骨水泥 BONE CEMENT
FBHH1,全人工髖關節股骨頭,FB 人工機能代用類,骨科類 FBA01 骨水泥 BONE CEMENT
FBHHC,陶瓷人工髖關節：股骨頭,FB 人工機能代用類,骨科類 FBA01 骨水泥 BONE CEMENT
FBHHR,訂製型髖關節股小球,FB 人工機能代用類,骨科類 FBA01 骨水泥 BONE CEMENT
FBHL1,全人工髖關節髖臼內杯 HIP INSERT,FB 人工機能代用類,骨科類 FBA01 骨水泥 BONE CEMENT
FBHL2,人工髖臼杯-限制型襯墊,FB 人工機能代用類,骨科類 FBA01 骨水泥 BONE CEMENT
FBHL3,雙動式人工髖關節-金屬襯墊,FB 人工機能代用類,骨科類 FBA01 骨水泥 BONE CEMENT
FBHLC,陶瓷人工髖關節：內襯,FB 人工機能代用類,骨科類 FBA01 骨水泥 BONE CEMENT
FBHLE,抗氧化超耐磨襯墊,FB 人工機能代用類,骨科類 FBA01 骨水泥 BONE CEMENT
FBHPA,全人工髖關節組,FB 人工機能代用類,骨科類 FBA01 骨水泥 BONE CEMENT
FBHPC,陶瓷全人工髖關節組,FB 人工機能代用類,骨科類 FBA01 骨水泥 BONE CEMENT
FBHPE,特殊材質全人工髖關節組(添加抗氧化劑髖臼內襯),FB 人工機能代用類,骨科類 FBA01 骨水泥 BONE CEMENT
FBHRA,重建式人工髖關節組,FB 人工機能代用類,骨科類 FBA01 骨水泥 BONE CEMENT
FBHRC,重建型陶瓷人工髖關節組,FB 人工機能代用類,骨科類 FBA01 骨水泥 BONE CEMENT
FBHRE,特殊材質重建型人工髖關節組(添加抗氧化劑髖臼內襯),FB 人工機能代用類,骨科類 FBA01 骨水泥 BONE CEMENT
FBHS1,全人工髖關節股骨柄,FB 人工機能代用類,骨科類 FBA01 骨水泥 BONE CEMENT
FBHS2,重建式人工髖關節股骨柄,FB 人工機能代用類,骨科類 FBA01 骨水泥 BONE CEMENT
FBHS5,大粗隆股骨柄,FB 人工機能代用類,骨科類 FBA01 骨水泥 BONE CEMENT
FBHS6,人工髖關節強化桿,FB 人工機能代用類,骨科類 FBA01 骨水泥 BONE CEMENT
FBHSS,髖臼缺損填補物,FB 人工機能代用類,骨科類 FBA01 骨水泥 BONE CEMENT
FBHU1,人工肩關節,FB 人工機能代用類,骨科類 FBA01 骨水泥 BONE CEMENT
FBHU2,訂製型人工肩關節支莖 SHOULDER STEM,FB 人工機能代用類,骨科類 FBA01 骨水泥 BONE CEMENT
FBHU3,Reverse　Shoulder　System,FB 人工機能代用類,骨科類 FBA01 骨水泥 BONE CEMENT
FBKA2,人工膝關節(股骨、脛骨)置換物填補材,FB 人工機能代用類,骨科類 FBA01 骨水泥 BONE CEMENT
FBKA3,重建型金屬錐狀墊片,FB 人工機能代用類,骨科類 FBA01 骨水泥 BONE CEMENT
FBKB1,人工膝關節脛骨基座柄,FB 人工機能代用類,骨科類 FBA01 骨水泥 BONE CEMENT
FBKCM,訂製型全人工膝關節,FB 人工機能代用類,骨科類 FBA01 骨水泥 BONE CEMENT
FBKCT,訂製型人工膝關節脛骨連接件,FB 人工機能代用類,骨科類 FBA01 骨水泥 BONE CEMENT
FBKE2,人工膝關節(脛骨、股骨)置換物延長柄,FB 人工機能代用類,骨科類 FBA01 骨水泥 BONE CEMENT
FBKF1,全人工膝關節股骨置換物,FB 人工機能代用類,骨科類 FBA01 骨水泥 BONE CEMENT
FBKF2,重建型全人工膝關節股骨置換物,FB 人工機能代用類,骨科類 FBA01 骨水泥 BONE CEMENT
FBKFA,人工膝關髕骨股骨,FB 人工機能代用類,骨科類 FBA01 骨水泥 BONE CEMENT
FBKL1,全人工膝關節脛骨襯墊 TIBIAL INSERT,FB 人工機能代用類,骨科類 FBA01 骨水泥 BONE CEMENT
FBKL2,重建型全人工膝關節脛骨襯墊 REV. TIBIAL INSERT,FB 人工機能代用類,骨科類 FBA01 骨水泥 BONE CEMENT
FBKMR,半月板軟骨修補系統,FB 人工機能代用類,骨科類 FBA01 骨水泥 BONE CEMENT
FBKP1,全人工膝關節髕骨置換物 PATELLAR,FB 人工機能代用類,骨科類 FBA01 骨水泥 BONE CEMENT
FBKP2,重建型全人工膝關節髕骨置換物 REV. PATELLAR,FB 人工機能代用類,骨科類 FBA01 骨水泥 BONE CEMENT
FBKPA,全人工膝關節組 TOTAL KNEE SYSTEM,FB 人工機能代用類,骨科類 FBA01 骨水泥 BONE CEMENT
FBKRA,重建式人工膝關節組 REVISION KNEE SYSTEM,FB 人工機能代用類,骨科類 FBA01 骨水泥 BONE CEMENT
FBKS1,訂製型人工膝關節脛骨延伸件,FB 人工機能代用類,骨科類 FBA01 骨水泥 BONE CEMENT
FBKT1,全人工膝關節脛骨基座 TIBIAL BASEPLATE,FB 人工機能代用類,骨科類 FBA01 骨水泥 BONE CEMENT
FBKT2,重建型全人工膝關節脛股骨置換物,FB 人工機能代用類,骨科類 FBA01 骨水泥 BONE CEMENT
FBKUA,半膝關節組,FB 人工機能代用類,骨科類 FBA01 骨水泥 BONE CEMENT
FBKUF,半人工膝關節股骨置換物,FB 人工機能代用類,骨科類 FBA01 骨水泥 BONE CEMENT
FBKUL,半人工膝關節脛骨襯墊,FB 人工機能代用類,骨科類 FBA01 骨水泥 BONE CEMENT
FBKUT,半人工膝關節脛骨置換物,FB 人工機能代用類,骨科類 FBA01 骨水泥 BONE CEMENT
FBN04,骨髓內固定螺釘,FB 人工機能代用類,骨科類 FBA01 骨水泥 BONE CEMENT
FBN05,骨髓內固定釘組,FB 人工機能代用類,骨科類 FBA01 骨水泥 BONE CEMENT
FBN07,成骨不全症髓內釘,FB 人工機能代用類,骨科類 FBA01 骨水泥 BONE CEMENT
FBN08,彈性髓內釘,FB 人工機能代用類,骨科類 FBA01 骨水泥 BONE CEMENT
FBN09,小兒髓內釘,FB 人工機能代用類,骨科類 FBA01 骨水泥 BONE CEMENT
FBNG1,跏瑪式骨髓內固定釘組 GAMA LOCKING NAIL SYSTEM,FB 人工機能代用類,骨科類 FBA01 骨水泥 BONE CEMENT
FBNG2,跏瑪式骨髓內固定釘 LOCKING NAIL,FB 人工機能代用類,骨科類 FBA01 骨水泥 BONE CEMENT
FBNG3,跏瑪式骨髓內固定螺絲 SCREW,FB 人工機能代用類,骨科類 FBA01 骨水泥 BONE CEMENT
FBP01,管型骨板 TUBULAR PLATE,FB 人工機能代用類,骨科類 FBA01 骨水泥 BONE CEMENT
FBP02,動力加壓骨板 NARROW BRDAD SMALL DCP PLATE,FB 人工機能代用類,骨科類 FBA01 骨水泥 BONE CEMENT
FBP03,特種骨板 OTHER PLATE,FB 人工機能代用類,骨科類 FBA01 骨水泥 BONE CEMENT
FBP04,彎角骨板 CONDYLAR BLADE PLATE,FB 人工機能代用類,骨科類 FBA01 骨水泥 BONE CEMENT
FBP05,加壓骨板：K-U COMPRESSION PLATE,FB 人工機能代用類,骨科類 FBA01 骨水泥 BONE CEMENT
FBP06,矯正骨板,FB 人工機能代用類,骨科類 FBA01 骨水泥 BONE CEMENT
FBPN1,史氏骨針 STEINMANN PIN,FB 人工機能代用類,骨科類 FBA01 骨水泥 BONE CEMENT
FBPN2,羅氏骨針 KNOWLES PIN,FB 人工機能代用類,骨科類 FBA01 骨水泥 BONE CEMENT
FBPN3,特種骨針 OTHER PINS:RUSH,FB 人工機能代用類,骨科類 FBA01 骨水泥 BONE CEMENT
FBPR1,肋骨固定骨板,FB 人工機能代用類,骨科類 FBA01 骨水泥 BONE CEMENT
FBPS1,義肢,FB 人工機能代用類,骨科類 FBA01 骨水泥 BONE CEMENT
FBPT1,胸骨固定骨板,FB 人工機能代用類,骨科類 FBA01 骨水泥 BONE CEMENT
FBPS2,義肢義肢部分給付,FB 人工機能代用類,骨科類 FBA01 骨水泥 BONE CEMENT
FBS01,皮質螺釘 CORTICAL OR CORTEX SCREW,FB 人工機能代用類,骨科類 FBA01 骨水泥 BONE CEMENT
FBS02,海綿螺釘 CANCELLOUS SCREW,FB 人工機能代用類,骨科類 FBA01 骨水泥 BONE CEMENT
FBS03,踝螺釘 MALLEOLER SCREW,FB 人工機能代用類,骨科類 FBA01 骨水泥 BONE CEMENT
FBS04,中空螺釘 CANNULATED SCREW,FB 人工機能代用類,骨科類 FBA01 骨水泥 BONE CEMENT
FBS06,螺釘螺帽 NUT,FB 人工機能代用類,骨科類 FBA01 骨水泥 BONE CEMENT
FBS07,螺釘墊片 WASHER,FB 人工機能代用類,骨科類 FBA01 骨水泥 BONE CEMENT
FBS08,界面螺絲 INTERFERENCE SCREW,FB 人工機能代用類,骨科類 FBA01 骨水泥 BONE CEMENT
FBS09,埋頭中空加壓骨釘,FB 人工機能代用類,骨科類 FBA01 骨水泥 BONE CEMENT
FBSF1,脊椎固定器 SPINAL FIXATOR,FB 人工機能代用類,骨科類 FBA01 骨水泥 BONE CEMENT
FBSF2,脊椎固定桿 SPINAL ROD,FB 人工機能代用類,骨科類 FBA01 骨水泥 BONE CEMENT
FBSF3,脊椎固定鉤 SPINAL HOOK， CLAMP,FB 人工機能代用類,骨科類 FBA01 骨水泥 BONE CEMENT
FBSF4,脊椎固定螺釘 PEDICLE SCREW,FB 人工機能代用類,骨科類 FBA01 骨水泥 BONE CEMENT
FBSF5,橫向連結器 TRANSVERSE LINKAGE,FB 人工機能代用類,骨科類 FBA01 骨水泥 BONE CEMENT
FBSF6,延長式連結器,FB 人工機能代用類,骨科類 FBA01 骨水泥 BONE CEMENT
FBSFA,脊椎間體護架CAGE,FB 人工機能代用類,骨科類 FBA01 骨水泥 BONE CEMENT
FBSFB,人工頸椎椎間盤,FB 人工機能代用類,骨科類 FBA01 骨水泥 BONE CEMENT
FBSFC,頸椎固定器,FB 人工機能代用類,骨科類 FBA01 骨水泥 BONE CEMENT
FBSFR,延展式肋骨支撐,FB 人工機能代用類,骨科類 FBA01 骨水泥 BONE CEMENT
FBSR1,肋骨鎖定骨釘,FB 人工機能代用類,骨科類 FBA01 骨水泥 BONE CEMENT
FBST1,胸骨固定骨釘,FB 人工機能代用類,骨科類 FBA01 骨水泥 BONE CEMENT
FBT01,關節內注射液,FB 人工機能代用類,骨科類 FBA01 骨水泥 BONE CEMENT
FBW01,柯氏骨鋼絲 KIRSCHNER WIRE,FB 人工機能代用類,骨科類 FBA01 骨水泥 BONE CEMENT
FEC02,人工電子耳-聲音處理器,FE 人工機能代用類,耳鼻喉科類 FEC01 人工電子耳-植入體
FEP02,人工耳骨活塞,FE 人工機能代用類,耳鼻喉科類 FEC01 人工電子耳-植入體
FEP05,人工聽小骨,FE 人工機能代用類,耳鼻喉科類 FEC01 人工電子耳-植入體
FES01,耳用全聽骨,FE 人工機能代用類,耳鼻喉科類 FEC01 人工電子耳-植入體
FES02,耳用聽小骨,FE 人工機能代用類,耳鼻喉科類 FEC01 人工電子耳-植入體
FES03,全人工聽小骨置換物,FE 人工機能代用類,耳鼻喉科類 FEC01 人工電子耳-植入體
FES04,耳用人工聽骨,FE 人工機能代用類,耳鼻喉科類 FEC01 人工電子耳-植入體
FHGD1,人工血管(Dacron/內徑<=10MM),FH 人工機能代用類,心臟科類 FHFCD 心臟再同步治療用去顫器
FHGD2,人工血管(Dacron/內徑12-18mm),FH 人工機能代用類,心臟科類 FHFCD 心臟再同步治療用去顫器
FHGD4,人工血管(Dacron/Y型),FH 人工機能代用類,心臟科類 FHFCD 心臟再同步治療用去顫器
FHGD5,人工血管(主動脈),FH 人工機能代用類,心臟科類 FHFCD 心臟再同步治療用去顫器
FHGDA,人工血管(Dacron/內徑20-38mm),FH 人工機能代用類,心臟科類 FHFCD 心臟再同步治療用去顫器
FHGE1,人工血管(EPTFE/內徑<=10MM),FH 人工機能代用類,心臟科類 FHFCD 心臟再同步治療用去顫器
FHGE3,人工血管(EPTFE/錐型(或階梯型)),FH 人工機能代用類,心臟科類 FHFCD 心臟再同步治療用去顫器
FHGE4,人工血管(EPTFE/伸展型),FH 人工機能代用類,心臟科類 FHFCD 心臟再同步治療用去顫器
FHGEH,人工血管(e-PTFE/肝素塗層),FH 人工機能代用類,心臟科類 FHFCD 心臟再同步治療用去顫器
FHGF1,人工血管(Dacron/塗銀)內徑<=10MM,FH 人工機能代用類,心臟科類 FHFCD 心臟再同步治療用去顫器
FHGF2,人工血管(Dacron/塗銀)內徑12-24MM,FH 人工機能代用類,心臟科類 FHFCD 心臟再同步治療用去顫器
FHGF4,人工血管(Dacron/塗銀)Y型,FH 人工機能代用類,心臟科類 FHFCD 心臟再同步治療用去顫器
FHGH1,人工血管(Dacron/肝素塗層),FH 人工機能代用類,心臟科類 FHFCD 心臟再同步治療用去顫器
FHP01,人工心律調節器,FH 人工機能代用類,心臟科類 FHFCD 心臟再同步治療用去顫器
FHP02,特殊功能人工心律調節器,FH 人工機能代用類,心臟科類 FHFCD 心臟再同步治療用去顫器
FHP03,無導線心律調節器,FH 人工機能代用類,心臟科類 FHFCD 心臟再同步治療用去顫器
FHP41,人工血管接環,FH 人工機能代用類,心臟科類 FHFCD 心臟再同步治療用去顫器
FHPCD,心臟去顫器,FH 人工機能代用類,心臟科類 FHFCD 心臟再同步治療用去顫器
FHPCL,心臟去顫器用電極導管,FH 人工機能代用類,心臟科類 FHFCD 心臟再同步治療用去顫器
FHPHF,心房同步雙心室節律器,FH 人工機能代用類,心臟科類 FHFCD 心臟再同步治療用去顫器
FHPL1,人工心律調節器導線(植入式),FH 人工機能代用類,心臟科類 FHFCD 心臟再同步治療用去顫器
FHPL2,雙腔型整律導管,FH 人工機能代用類,心臟科類 FHFCD 心臟再同步治療用去顫器
FHPLM,核磁共振相容心律調節器電極導線,FH 人工機能代用類,心臟科類 FHFCD 心臟再同步治療用去顫器
FHPLR,導線移除裝置,FH 人工機能代用類,心臟科類 FHFCD 心臟再同步治療用去顫器
FHTS2,組織安定裝置器之抽吸套管組,FH 人工機能代用類,心臟科類 FHFCD 心臟再同步治療用去顫器
FHV01,人工心臟瓣膜/機械性,FH 人工機能代用類,心臟科類 FHFCD 心臟再同步治療用去顫器
FHV02,人工心臟瓣膜/生物組織,FH 人工機能代用類,心臟科類 FHFCD 心臟再同步治療用去顫器
FHV04,經導管置換瓣膜套組,FH 人工機能代用類,心臟科類 FHFCD 心臟再同步治療用去顫器
FHV05,經導管置換肺動脈瓣膜套組,FH 人工機能代用類,心臟科類 FHFCD 心臟再同步治療用去顫器
FHVD1,特殊材質生物組織心臟瓣膜,FH 人工機能代用類,心臟科類 FHFCD 心臟再同步治療用去顫器
FHVGW,經導管置換瓣膜導引線,FH 人工機能代用類,心臟科類 FHFCD 心臟再同步治療用去顫器
FHVR1,人工瓣膜環,FH 人工機能代用類,心臟科類 FHFCD 心臟再同步治療用去顫器
FHX02,人工心肺(薄膜式),FH 人工機能代用類,心臟科類 FHFCD 心臟再同步治療用去顫器
FHX03,人工心肺組(薄膜式),FH 人工機能代用類,心臟科類 FHFCD 心臟再同步治療用去顫器
FHX04,人工心肺套 W/OXYGENATOR+BIO-PUMP+TUBING SET,FH 人工機能代用類,心臟科類 FHFCD 心臟再同步治療用去顫器
FHXR2,血液儲存器,FH 人工機能代用類,心臟科類 FHFCD 心臟再同步治療用去顫器
FND02,神經刺激器-PC(雙側),FN 人工機能代用類,神經外科類 FND01 神經刺激器-SC(單側)
FND03,深層腦部刺激器之導線組(含導線+導線固定蓋),FN 人工機能代用類,神經外科類 FND01 神經刺激器-SC(單側)
FND04,深層腦部刺激器之立體定位套組,FN 人工機能代用類,神經外科類 FND01 神經刺激器-SC(單側)
FNV01,刺激迷走神經治療系統,FN 人工機能代用類,神經外科類 FND01 神經刺激器-SC(單側)
FNM01,神經外科術中神經功能監測(IONM),FN 人工機能代用類,神經外科類 FND01 神經刺激器-SC(單側)
FPP01,迷你骨板 TITANIUM MINI BONE PLATE,FP 人工機能代用類,整型外科類 FPM01 微植皮擴皮墊
FPP02,重建骨板 TITANIUM BRIDGINGE BONE PLATE,FP 人工機能代用類,整型外科類 FPM01 微植皮擴皮墊
FPP03,加壓骨板 TITANIUM COMPRESSION BONE PLATE,FP 人工機能代用類,整型外科類 FPM01 微植皮擴皮墊
FPP06,立體骨板 TITANIUM 3-D PLATE,FP 人工機能代用類,整型外科類 FPM01 微植皮擴皮墊
FPP07,顯微骨板 TITANIUM MICRO PLUS PLATE,FP 人工機能代用類,整型外科類 FPM01 微植皮擴皮墊
FPP08,客製化電腦輔助型顱顏骨固定系統組(骨網片+骨釘),FP 人工機能代用類,整型外科類 FPM01 微植皮擴皮墊
FPP09,特種骨板 OTHER,FP 人工機能代用類,整型外科類 FPM01 微植皮擴皮墊
FPP11,BONAMATES BIOFIXATION SYSTEM,FP 人工機能代用類,整型外科類 FPM01 微植皮擴皮墊
FPS01,顯微螺釘,FP 人工機能代用類,整型外科類 FPM01 微植皮擴皮墊
FPS02,迷你螺釘,FP 人工機能代用類,整型外科類 FPM01 微植皮擴皮墊
FPS03,重建型螺釘,FP 人工機能代用類,整型外科類 FPM01 微植皮擴皮墊
FPS04,拉力螺釘,FP 人工機能代用類,整型外科類 FPM01 微植皮擴皮墊
FPS11,可吸收性骨釘,FP 人工機能代用類,整型外科類 FPM01 微植皮擴皮墊
FPT01,人工皮墊,FP 人工機能代用類,整型外科類 FPM01 微植皮擴皮墊
FSAE3,矽膠氣管與支氣管支架,FS 人工機能代用類,一般外科類 FSAE2 氣管及支氣管支架
FSP61,人工網膜/不可吸收性,FS 人工機能代用類,一般外科類 FSAE2 氣管及支氣管支架
FSP62,人工網膜/不可吸收性/3D,FS 人工機能代用類,一般外科類 FSAE2 氣管及支氣管支架
FSP63,人工網膜/可吸收性,FS 人工機能代用類,一般外科類 FSAE2 氣管及支氣管支架
FSP71,尿失禁手術用懸吊帶,FS 人工機能代用類,一般外科類 FSAE2 氣管及支氣管支架
FSP72,男性尿道懸吊帶,FS 人工機能代用類,一般外科類 FSAE2 氣管及支氣管支架
FSP73,男性尿道懸吊帶系統(可調式),FS 人工機能代用類,一般外科類 FSAE2 氣管及支氣管支架
FSTR1,胸腔用網膜,FS 人工機能代用類,一般外科類 FSAE2 氣管及支氣管支架
FUK03,人工血液灌注,FU 人工機能代用類,腎泌尿科類 FUK02 人工血液透析過濾器 CAVH HEMOFILTER
FUK05,人工血液透析導管組(CVVH),FU 人工機能代用類,腎泌尿科類 FUK02 人工血液透析過濾器 CAVH HEMOFILTER
FUK07,人工血液透析導管組(CVVH)併血液濃縮器,FU 人工機能代用類,腎泌尿科類 FUK02 人工血液透析過濾器 CAVH HEMOFILTER
FUN01,經內視鏡輸尿管粘膜下植體注射針,FU 人工機能代用類,腎泌尿科類 FUK02 人工血液透析過濾器 CAVH HEMOFILTER
FUS01,人工括約肌,FU 人工機能代用類,腎泌尿科類 FUK02 人工血液透析過濾器 CAVH HEMOFILTER
FUT01,膀胱灌注液,FU 人工機能代用類,腎泌尿科類 FUK02 人工血液透析過濾器 CAVH HEMOFILTER
FUU01,經內視鏡輸尿管粘膜下植體,FU 人工機能代用類,腎泌尿科類 FUK02 人工血液透析過濾器 CAVH HEMOFILTER
HEF03,體外循環血漿交換過濾器,HE 過濾類,體外循環過濾器 HEF01 體外循環血液過濾器套組
HEH01,體外循環血液脫液器組,HE 過濾類,體外循環過濾器 HEF01 體外循環血液過濾器套組
HHF02,輸紅血球用白血球移除過濾器,HH 過濾類,血液過濾器 HHF01 輸血小板用白血球移除過濾器
HHM01,移除血栓過濾器,HH 過濾類,血液過濾器 HHF01 輸血小板用白血球移除過濾器
HHM02,血栓過濾器取回組,HH 過濾類,血液過濾器 HHF01 輸血小板用白血球移除過濾器
NAN02,胰島素筆型注射器針頭,NA 針具類,針頭類 NAN01 塑膠針頭
NAN03,安全式注射筆專用針(胰島素專用),NA 針具類,針頭類 NAN01 塑膠針頭
NAN04,長針(特殊用針),NA 針具類,針頭類 NAN01 塑膠針頭
NAN06,經皮穿肝膽道針,NA 針具類,針頭類 NAN01 塑膠針頭
NAN11,導線導引針(單針),NA 針具類,針頭類 NAN01 塑膠針頭
NAN15,導線導引針(翼形雙針),NA 針具類,針頭類 NAN01 塑膠針頭
NAN16,導線導引針(翼形三針),NA 針具類,針頭類 NAN01 塑膠針頭
NBS02,筆型胰導素注射筒,NB 針具類,針筒類 NBS01 塑膠注射筒
NBS07,配合機器注射筒,NB 針具類,針筒類 NBS01 塑膠注射筒
NCS03,胰島素注射筒,NC 針具類,針帶硬管 NCS01 塑膠注射筒帶針
NDN01,頭皮針,ND 針具類,針帶軟管 NDB01 骨內注射針
NDN02,翼形彎針附延長管,ND 針具類,針帶軟管 NDB01 骨內注射針
NDN04,靜脈留置針,ND 針具類,針帶軟管 NDB01 骨內注射針
NEC01,心肌切片針,NE 針具類,生檢切片針 NEB01 骨髓切片針
NES01,軟組織切片針,NE 針具類,生檢切片針 NEB01 骨髓切片針
NET01,經頸靜脈肝臟穿刺取樣組,NE 針具類,生檢切片針 NEB01 骨髓切片針
SAD01,無鉗式冠狀動脈繞道手術之血管吻合系統,SA 縫合結紮類,縫合釘 SAC01 微血管吻合系統-套環
SASS6,皮膚自動縫合器附不繡鋼縫釘,SA 縫合結紮類,縫合釘 SAC01 微血管吻合系統-套環
SAST1,胸腹自動縫合器附鈦金屬縫釘,SA 縫合結紮類,縫合釘 SAC01 微血管吻合系統-套環
SAST2,腸胃自動縫合器附鈦金屬縫釘,SA 縫合結紮類,縫合釘 SAC01 微血管吻合系統-套環
SAST3,端對端自動縫合器附鈦金屬縫釘,SA 縫合結紮類,縫合釘 SAC01 微血管吻合系統-套環
SAST4,端對端吻合器,SA 縫合結紮類,縫合釘 SAC01 微血管吻合系統-套環
SAST5,端對端吻合器-經口輸送導管,SA 縫合結紮類,縫合釘 SAC01 微血管吻合系統-套環
SAST6,端對端電動吻合器,SA 縫合結紮類,縫合釘 SAC01 微血管吻合系統-套環
SAU07,鈦金屬釘匣(GIA 自動手術縫合器用),SA 縫合結紮類,縫合釘 SAC01 微血管吻合系統-套環
SAU08,內視鏡自動手術縫合器(直線型),SA 縫合結紮類,縫合釘 SAC01 微血管吻合系統-套環
SAU09,ㄇ形開放式手術自動縫合器,SA 縫合結紮類,縫合釘 SAC01 微血管吻合系統-套環
SAUB4,可吸收性吻合環,SA 縫合結紮類,縫合釘 SAC01 微血管吻合系統-套環
SAUT1,鈦金屬釘匣(胸腹縫合器用),SA 縫合結紮類,縫合釘 SAC01 微血管吻合系統-套環
SAUT2,鈦金屬釘匣(腸胃縫合器用),SA 縫合結紮類,縫合釘 SAC01 微血管吻合系統-套環
SAUT3,鈦金屬釘匣(端對端縫合器用),SA 縫合結紮類,縫合釘 SAC01 微血管吻合系統-套環
SCV01,血管夾HEMO CLIP(TITANIUM),SC 縫合結紮類,血管夾 SCS01 頭皮夾 SCALP CLIP
SCV02,腦血管夾 ANEURYSM CLIP,SC 縫合結紮類,血管夾 SCS01 頭皮夾 SCALP CLIP
SCV03,內視鏡自動血管夾,SC 縫合結紮類,血管夾 SCS01 頭皮夾 SCALP CLIP
SCV04,血管夾HEMO CLIP(STAINLESS STEEL),SC 縫合結紮類,血管夾 SCS01 頭皮夾 SCALP CLIP
SCV05,Hem-o-lok血管夾(不可吸收聚合物),SC 縫合結紮類,血管夾 SCS01 頭皮夾 SCALP CLIP
SCV10,顯微血管夾,SC 縫合結紮類,血管夾 SCS01 頭皮夾 SCALP CLIP
SCV20,自動血管夾,SC 縫合結紮類,血管夾 SCS01 頭皮夾 SCALP CLIP
TBS01,鞏膜環帶(矽質）SOLID SILICONE,TB 工具類,環帶類 TBCT1 鼻淚管通條 C.I.S. TUBE
TKP01,超音波電擊碎石線,TK 工具類,手術刀 TKF01 LIGHT GUIDE
TKP02,內視鏡射頻消融導管,TK 工具類,手術刀 TKF01 LIGHT GUIDE
TKP03,無線電頻率燒灼系統,TK 工具類,手術刀 TKF01 LIGHT GUIDE
TKP04,乳房定位針,TK 工具類,手術刀 TKF01 LIGHT GUIDE
TKP05,乳房組織切片追蹤器,TK 工具類,手術刀 TKF01 LIGHT GUIDE
TKVC1,玻璃體切除器,TK 工具類,手術刀 TKF01 LIGHT GUIDE
WBB07,石膏繃帶,WB 傷口護理類,繃帶類 WBB04 彈性繃帶
WBB08,樹酯石膏繃帶,WB 傷口護理類,繃帶類 WBB04 彈性繃帶
WBB09,熱塑性石膏繃帶,WB 傷口護理類,繃帶類 WBB04 彈性繃帶
WBP01,石膏棉捲,WB 傷口護理類,繃帶類 WBB04 彈性繃帶
WDD09,人工真皮,WD 傷口護理類,敷料類 WDD08 生長性敷料
